name,publisher,indexing,rank,scope,submit_url
Public Administration Review,Wiley,Scopus/WoS,Q1,Public Administration & Governance,https://onlinelibrary.wiley.com/journal/15406210
Government Information Quarterly,Elsevier,Scopus/WoS,Q1,Digital Government & Information Policy,https://www.sciencedirect.com/journal/government-information-quarterly
Journal of Public Administration Research and Theory,Oxford,Scopus/WoS,Q1,Public Admin Theory & Empirical,https://academic.oup.com/jpart
Public Management Review,Taylor & Francis,Scopus/WoS,Q1,Public Management & Reform,https://www.tandfonline.com/journals/rpxm20
International Review of Administrative Sciences,SAGE,Scopus/WoS,Q1,Comparative Admin & Public Policy,https://journals.sagepub.com/home/ras
JKAP (Jurnal Kebijakan dan Administrasi Publik),UGM,Sinta,S1,Kebijakan & Administrasi Publik,https://jurnal.ugm.ac.id/jkap
Jurnal Borneo Administrator,LAN RI,Sinta,S1,Governance & Public Policy,https://jba.lan.go.id/
Jurnal Ilmu Administrasi Negara,UNS,Sinta,S1,Administrasi Publik,https://jurnal.uns.ac.id/jiap
Jurnal Ilmu Administrasi Publik,UMI,Sinta,S2,Administrasi Publik,https://ojs.umi.ac.id/index.php/JIAP
Jurnal Manajemen Pelayanan Publik,UNAIR,Sinta,S2,Pelayanan Publik,https://e-journal.unair.ac.id/JMP
